bat_cluster,bowl_cluster,zero,one,two,three,four,six,no_of_balls
0,0,0.3581213307,0.4246575342,0.0626223092,0.0039138943,0.1135029354,0.0352250489,511
0,2,0.4149659864,0.3401360544,0.074829932,0.0136054422,0.1088435374,0.0476190476,147
0,3,0.4285714286,0.4285714286,0,0,0.1428571429,0,7
0,4,0.4523809524,0.4285714286,0.0238095238,0,0.0238095238,0.0714285714,42
0,5,0.4423076923,0.4038461538,0.0384615385,0.0192307692,0.0769230769,0.0192307692,52
0,6,0,0.5,0,0,0,0.5,4
0,7,0.3846153846,0.3846153846,0.0769230769,0,0.0769230769,0.0769230769,13
0,8,0.4455445545,0.3531353135,0.0660066007,0.004950495,0.0891089109,0.0412541254,606
0,9,0.3507853403,0.4136125654,0.0785340314,0,0.1204188482,0.0366492147,191
0,10,0.4307417337,0.3780160858,0.0652368186,8.94E-04,0.0938337802,0.0294906166,1119
0,11,0.5294117647,0.4117647059,0.0588235294,0,0,0,17
1,0,0.3128964059,0.4372093023,0.0718816068,0.0029598309,0.1196617336,0.0520084567,2365
1,1,0.3333333333,0.1666666667,0.0833333333,0,0.1666666667,0.1666666667,12
1,2,0.2922885572,0.4825870647,0.0721393035,0.0087064677,0.0957711443,0.0472636816,804
1,3,0.2962962963,0.3827160494,0.0617283951,0,0.1975308642,0.0617283951,81
1,4,0.285,0.445,0.075,0,0.12,0.075,200
1,5,0.3055555556,0.4722222222,0.0555555556,0,0.1111111111,0.0555555556,36
1,6,0,0.4444444444,0.1111111111,0,0.1111111111,0.3333333333,9
1,7,0.1780821918,0.5342465753,0.0684931507,0,0.1643835616,0.0273972603,73
1,8,0.3710567823,0.3813091483,0.072555205,0.0031545741,0.1348580442,0.035488959,2536
1,9,0.3547297297,0.4087837838,0.0551801802,0.0056306306,0.1261261261,0.0439189189,888
1,10,0.3503035965,0.4042503503,0.0665576833,0.0067725362,0.1261092947,0.0448388603,4282
1,11,0.2654867257,0.4601769912,0.1238938053,0,0.1150442478,0.0353982301,113
2,0,0.3446502058,0.4218106996,0.0637860082,0.0041152263,0.1234567901,0.0401234568,972
2,1,0.4285714286,0.2857142857,0,0,0.2857142857,0,7
2,2,0.3404255319,0.4734042553,0.0744680851,0.0053191489,0.0718085106,0.0345744681,376
2,3,0.2857142857,0.4285714286,0.1428571429,0,0.1428571429,0,7
2,4,0.3186813187,0.4395604396,0.0769230769,0,0.0769230769,0.0879120879,91
2,5,0.5,0.2,0.1,0,0.2,0,20
2,6,0,0.5,0.5,0,0,0,2
2,7,0.1929824561,0.5263157895,0.1052631579,0,0.1052631579,0.0526315789,57
2,8,0.3929219601,0.3702359347,0.0689655172,0.0054446461,0.1270417423,0.0326678766,1102
2,9,0.4153498871,0.3476297968,0.0812641084,0.0022573363,0.1173814898,0.0361173815,443
2,10,0.3710333605,0.3905614321,0.0695687551,0.0036615134,0.1204231082,0.0423108218,2458
2,11,0.3235294118,0.5588235294,0.0882352941,0,0.0294117647,0,34
3,0,0.3535580524,0.4284644195,0.0539325843,0.006741573,0.1123595506,0.0434456929,1335
3,1,0.2857142857,0.4285714286,0.1071428571,0,0.1071428571,0.0714285714,28
3,2,0.3503184713,0.4267515924,0.0636942675,0,0.110403397,0.0488322718,471
3,3,0.2580645161,0.5483870968,0.0322580645,0,0.0967741935,0.064516129,31
3,4,0.3596491228,0.4298245614,0.0614035088,0,0.1052631579,0.0438596491,114
3,5,0.3921568627,0.3725490196,0.0588235294,0,0.137254902,0.0392156863,51
3,6,0,1,0,0,0,0,3
3,7,0.2222222222,0.5277777778,0.0833333333,0,0.0833333333,0.0833333333,36
3,8,0.3953301127,0.3921095008,0.0571658615,0.0024154589,0.1038647343,0.0458937198,1242
3,9,0.3583535109,0.401937046,0.0581113801,0.0024213075,0.1210653753,0.0556900726,413
3,10,0.3883840379,0.3970762544,0.0612406164,0.0039510075,0.1058870012,0.0403002766,2531
3,11,0.3815789474,0.3421052632,0.0526315789,0,0.1447368421,0.0789473684,76
4,0,0.3392980041,0.4129387474,0.0798348245,0.0048176187,0.114934618,0.0481761872,1453
4,1,0.1538461538,0.4615384615,0.0769230769,0,0,0.3076923077,13
4,2,0.3251533742,0.4233128834,0.081799591,0.0163599182,0.1104294479,0.0429447853,489
4,3,0.2727272727,0.5151515152,0,0,0.1515151515,0.0606060606,33
4,4,0.25,0.4880952381,0.0714285714,0.0238095238,0.119047619,0.0476190476,84
4,5,0.25,0.59375,0.15625,0,0,0,32
4,6,0,0.4,0,0,0.2,0.4,5
4,7,0.3157894737,0.3859649123,0.1228070175,0,0.1403508772,0.0350877193,57
4,8,0.3307030129,0.4361549498,0.0846484935,0.0050215208,0.0982783357,0.0423242468,1394
4,9,0.3561643836,0.3835616438,0.100456621,0.002283105,0.1255707763,0.0319634703,438
4,10,0.3391877058,0.4244420051,0.0889132821,0.0029271862,0.1061105013,0.0369557263,2733
4,11,0.3090909091,0.5090909091,0.0545454545,0,0.0727272727,0.0545454545,55
5,0,0.3365617433,0.4198547215,0.0629539952,0.002905569,0.1181598063,0.0547215496,2065
5,2,0.3215130024,0.438534279,0.0650118203,0.0047281324,0.1122931442,0.0555555556,846
5,3,0.425,0.375,0.075,0,0.1,0.025,40
5,4,0.3409090909,0.3863636364,0.0397727273,0.0056818182,0.1193181818,0.0965909091,176
5,5,0.380952381,0.3095238095,0.119047619,0,0.1666666667,0.0238095238,42
5,6,0.1851851852,0.3333333333,0.0740740741,0,0.2222222222,0.1851851852,27
5,7,0.1639344262,0.4918032787,0.0655737705,0,0.1967213115,0.0819672131,61
5,8,0.4068927182,0.3557531962,0.0622568093,0.0027793218,0.1234018899,0.0461367426,1799
5,9,0.3995215311,0.3337320574,0.0598086124,0.0023923445,0.1447368421,0.0562200957,836
5,10,0.3678781925,0.387524558,0.0655697446,0.0039292731,0.1299115914,0.0442043222,4072
5,11,0.3088235294,0.3529411765,0.0441176471,0,0.2647058824,0.0294117647,68
6,0,0.3460820896,0.4169776119,0.0708955224,0.0018656716,0.1035447761,0.0578358209,1072
6,2,0.3094555874,0.4699140401,0.0716332378,0.005730659,0.0916905444,0.0487106017,349
6,3,0.4081632653,0.2244897959,0.1224489796,0,0.2244897959,0.0204081633,49
6,4,0.2352941176,0.4852941176,0.0588235294,0.0147058824,0.1617647059,0.0441176471,68
6,5,0.4545454545,0.3333333333,0,0.0606060606,0.1212121212,0.0303030303,33
6,6,0,1,0,0,0,0,1
6,7,0,0.6666666667,0.2222222222,0,0.1111111111,0,9
6,8,0.3856722277,0.3788027478,0.0716388616,0.0058881256,0.116781158,0.040235525,1019
6,9,0.3672055427,0.3856812933,0.064665127,0.0069284065,0.1339491917,0.0415704388,433
6,10,0.3590715301,0.4050213169,0.0800568451,0.0056845097,0.1051634297,0.0416864045,2111
6,11,0.3333333333,0.3148148148,0.0740740741,0,0.1481481481,0.1296296296,54
7,0,0.3742640875,0.3969722456,0.0698065601,0.0067283431,0.1152228764,0.0370058873,1189
7,1,0.1428571429,0.7142857143,0.1428571429,0,0,0,7
7,2,0.3739612188,0.4155124654,0.0692520776,0.0083102493,0.0886426593,0.0415512465,361
7,3,0.4137931034,0.4137931034,0.0689655172,0,0.1034482759,0,29
7,4,0.3835616438,0.2876712329,0.0273972603,0,0.2465753425,0.0547945205,73
7,5,0.5322580645,0.3709677419,0.0483870968,0,0.0161290323,0.0322580645,62
7,6,0,1,0,0,0,0,2
7,7,0.2727272727,0.4242424242,0.1212121212,0,0.0909090909,0.0909090909,33
7,8,0.384244373,0.3786173633,0.0868167203,0.0032154341,0.1036977492,0.0377813505,1244
7,9,0.3372781065,0.4122287968,0.0887573964,0.0098619329,0.1104536489,0.0414201183,507
7,10,0.3773333333,0.396,0.0755555556,0.0031111111,0.1146666667,0.0333333333,2250
7,11,0.3111111111,0.4,0.0444444444,0.0222222222,0.1555555556,0.0666666667,
8,0,0.5396825397,0.3492063492,0.0714285714,0,0.0317460317,0,126
8,2,0.5454545455,0.3636363636,0.0454545455,0,0.0454545455,0,22
8,3,0.3333333333,0.6666666667,0,0,0,0,3
8,5,0.4074074074,0.4814814815,0.037037037,0,0.0740740741,0,27
8,7,0.25,0.75,0,0,0,0,4
8,8,0.5721393035,0.3532338308,0.0547263682,0.0049751244,0.0149253731,0,201
8,9,0.58,0.3,0.08,0.02,0,0,50
8,10,0.5145631068,0.3883495146,0.0631067961,0,0.0291262136,0.0048543689,206
9,0,0.3316498316,0.4225589226,0.0673400673,0.0033670034,0.1321548822,0.0387205387,1188
9,2,0.3402366864,0.4556213018,0.0355029586,0.0088757396,0.1213017751,0.0355029586,338
9,3,0.28,0.48,0,0.04,0.12,0.08,25
9,4,0.3066666667,0.5066666667,0.04,0,0.12,0.0266666667,75
9,5,0.5897435897,0.2307692308,0.0256410256,0,0.1538461538,0,39
9,6,0.2272727273,0.2727272727,0.0909090909,0,0.1818181818,0.2272727273,22
9,7,0.2264150943,0.4716981132,0.0943396226,0,0.1698113208,0.0377358491,53
9,8,0.36347359,0.4010743062,0.0626678603,0.0035810206,0.1360787825,0.0331244405,1117
9,9,0.3386363636,0.4045454545,0.0522727273,0.0068181818,0.1340909091,0.0590909091,440
9,10,0.3531976744,0.4195736434,0.0639534884,0.0019379845,0.1225775194,0.0358527132,2064
9,11,0.2794117647,0.5,0.0588235294,0,0.1323529412,0.0294117647,68
10,0,0.3080032336,0.41956346,0.0800323363,0.0024252223,0.1438965238,0.0452708165,1237
10,2,0.3147208122,0.4670050761,0.0812182741,0.0050761421,0.0964467005,0.0355329949,394
10,3,0.2727272727,0.3863636364,0.0454545455,0.0227272727,0.2045454545,0.0454545455,44
10,4,0.3157894737,0.5087719298,0.0526315789,0,0.0701754386,0.0350877193,114
10,5,0.4137931034,0.3103448276,0.1034482759,0,0.1379310345,0.0344827586,29
10,7,0.1489361702,0.5531914894,0.085106383,0,0.1914893617,0.0212765957,47
10,8,0.3649484536,0.4030927835,0.0628865979,0.0082474227,0.118556701,0.0422680412,970
10,9,0.3279569892,0.4086021505,0.0860215054,0.002688172,0.1397849462,0.0349462366,372
10,10,0.3270079435,0.4307149162,0.0719329214,0.0052956752,0.1231244484,0.0392762577,2266
10,11,0.1379310345,0.5517241379,0.0689655172,0,0.2068965517,0.0344827586,29
11,0,0.3523054755,0.4380403458,0.0641210375,0.0028818444,0.0958213256,0.0446685879,1388
11,1,0,0.4,0.2,0,0.2,0.2,5
11,2,0.3210161663,0.4919168591,0.064665127,0.0023094688,0.0808314088,0.03926097,433
11,3,0.2608695652,0.5217391304,0.0217391304,0,0.1739130435,0.0217391304,46
11,4,0.3052631579,0.4631578947,0.0947368421,0,0.0736842105,0.0631578947,95
11,5,0.4565217391,0.4782608696,0.0217391304,0,0.0434782609,0,46
11,6,0,1,0,0,0,0,1
11,7,0.3090909091,0.4909090909,0.1272727273,0.0181818182,0.0545454545,0,55
11,8,0.3794117647,0.4058823529,0.0676470588,0.0029411765,0.0970588235,0.0447058824,1700
11,9,0.3572815534,0.4038834951,0.0776699029,0.0077669903,0.1087378641,0.0446601942,515
11,10,0.3579693916,0.4214259052,0.0709219858,0.0033594625,0.1000373274,0.0421799179,2679
11,11,0.3157894737,0.3947368421,0.1052631579,0,0.1315789474,0.0526315789,38
